route_id,origin,destination,origin_lat,origin_lon,dest_lat,dest_lon,distance_km,vehicle_type,traffic_condition,effective_speed,travel_time_hrs,fuel_cost_inr,num_packages,priority,delivery_success,vehicle_enc,traffic_enc,priority_enc,dest_enc,cost_per_km,time_per_km,pkg_per_km,efficiency_score
RTE-0001,Warehouse,Pune,20.5937,78.9629,18.5204,73.8567,582.53,Van,Low,70.0,8.32,13835.09,8,Medium,1,2,1,2,15,23.75,0.0143,0.0137,0.0001
RTE-0002,Warehouse,Kochi,20.5937,78.9629,9.9312,76.2673,1220.25,Truck,Medium,48.0,25.42,40573.31,21,Medium,1,1,2,2,9,33.25,0.0208,0.0172,0.0
RTE-0003,Warehouse,Delhi,20.5937,78.9629,28.6139,77.209,909.22,Van,High,42.0,21.65,21593.98,2,Low,1,2,0,1,5,23.75,0.0238,0.0022,0.0
RTE-0004,Warehouse,Nagpur,20.5937,78.9629,21.1458,79.0882,62.76,Van,Low,70.0,0.9,1490.55,17,Medium,1,2,1,2,13,23.75,0.0143,0.2709,0.0127
RTE-0005,Warehouse,Patna,20.5937,78.9629,25.5941,85.1376,841.18,Truck,Low,60.0,14.02,27969.23,19,Medium,1,1,1,2,14,33.25,0.0167,0.0226,0.0
RTE-0006,Warehouse,Bangalore,20.5937,78.9629,12.9716,77.5946,859.94,Bike,Medium,32.0,26.87,8169.43,9,Low,1,0,2,1,1,9.5,0.0312,0.0105,0.0
RTE-0007,Warehouse,Bhopal,20.5937,78.9629,23.2599,77.4126,336.84,Bike,Medium,32.0,10.53,3199.98,21,Low,1,0,2,1,2,9.5,0.0313,0.0623,0.0006
RTE-0008,Warehouse,Pune,20.5937,78.9629,18.5204,73.8567,582.53,Van,High,42.0,13.87,13835.09,3,High,1,2,0,0,15,23.75,0.0238,0.0051,0.0
RTE-0009,Warehouse,Ahmedabad,20.5937,78.9629,23.0225,72.5714,712.86,Van,Medium,56.0,12.73,16930.42,22,Medium,1,2,2,2,0,23.75,0.0179,0.0309,0.0001
RTE-0010,Warehouse,Coimbatore,20.5937,78.9629,11.0168,76.9558,1086.28,Van,High,42.0,25.86,25799.15,4,Medium,1,2,0,2,4,23.75,0.0238,0.0037,0.0
RTE-0011,Warehouse,Ahmedabad,20.5937,78.9629,23.0225,72.5714,712.86,Van,Medium,56.0,12.73,16930.42,8,High,1,2,2,0,0,23.75,0.0179,0.0112,0.0
RTE-0012,Warehouse,Visakhapatnam,20.5937,78.9629,17.6868,83.2185,551.6,Bike,Medium,32.0,17.24,5240.2,13,Low,1,0,2,1,18,9.5,0.0313,0.0236,0.0001
RTE-0013,Warehouse,Mumbai,20.5937,78.9629,19.076,72.8777,658.44,Truck,Medium,48.0,13.72,21893.13,1,Low,0,1,2,1,12,33.25,0.0208,0.0015,0.0
RTE-0014,Warehouse,Lucknow,20.5937,78.9629,26.8467,80.9462,723.98,Truck,Medium,48.0,15.08,24072.34,3,Medium,0,1,2,2,11,33.25,0.0208,0.0041,0.0
RTE-0015,Warehouse,Pune,20.5937,78.9629,18.5204,73.8567,582.53,Van,High,42.0,13.87,13835.09,9,Medium,1,2,0,2,15,23.75,0.0238,0.0154,0.0
RTE-0016,Warehouse,Patna,20.5937,78.9629,25.5941,85.1376,841.18,Truck,Medium,48.0,17.52,27969.23,5,Medium,1,1,2,2,14,33.25,0.0208,0.0059,0.0
RTE-0017,Warehouse,Bangalore,20.5937,78.9629,12.9716,77.5946,859.94,Van,Low,70.0,12.28,20423.58,14,High,1,2,1,0,1,23.75,0.0143,0.0163,0.0001
RTE-0018,Warehouse,Bhopal,20.5937,78.9629,23.2599,77.4126,336.84,Van,Medium,56.0,6.02,7999.95,15,Low,1,2,2,1,2,23.75,0.0179,0.0445,0.0003
RTE-0019,Warehouse,Kochi,20.5937,78.9629,9.9312,76.2673,1220.25,Truck,Medium,48.0,25.42,40573.31,20,Medium,1,1,2,2,9,33.25,0.0208,0.0164,0.0
RTE-0020,Warehouse,Kolkata,20.5937,78.9629,22.5726,88.3639,996.43,Truck,Medium,48.0,20.76,33131.3,11,Low,1,1,2,1,10,33.25,0.0208,0.011,0.0
RTE-0021,Warehouse,Pune,20.5937,78.9629,18.5204,73.8567,582.53,Truck,Low,60.0,9.71,19369.12,2,Medium,1,1,1,2,15,33.25,0.0167,0.0034,0.0
RTE-0022,Warehouse,Hyderabad,20.5937,78.9629,17.385,78.4867,360.29,Van,Low,70.0,5.15,8556.89,20,High,1,2,1,0,6,23.75,0.0143,0.0555,0.0005
RTE-0023,Warehouse,Pune,20.5937,78.9629,18.5204,73.8567,582.53,Bike,Low,40.0,14.56,5534.04,20,Medium,1,0,1,2,15,9.5,0.025,0.0343,0.0002
RTE-0024,Warehouse,Hyderabad,20.5937,78.9629,17.385,78.4867,360.29,Van,Medium,56.0,6.43,8556.89,5,Medium,1,2,2,2,6,23.75,0.0178,0.0139,0.0001
RTE-0025,Warehouse,Visakhapatnam,20.5937,78.9629,17.6868,83.2185,551.6,Truck,Low,60.0,9.19,18340.7,24,Medium,1,1,1,2,18,33.25,0.0167,0.0435,0.0001
RTE-0026,Warehouse,Vadodara,20.5937,78.9629,22.3072,73.1812,627.9,Truck,Low,60.0,10.46,20877.68,7,Medium,1,1,1,2,17,33.25,0.0167,0.0111,0.0
RTE-0027,Warehouse,Vadodara,20.5937,78.9629,22.3072,73.1812,627.9,Bike,Low,40.0,15.7,5965.05,2,Medium,0,0,1,2,17,9.5,0.025,0.0032,0.0
RTE-0028,Warehouse,Kolkata,20.5937,78.9629,22.5726,88.3639,996.43,Truck,Medium,48.0,20.76,33131.3,2,Medium,1,1,2,2,10,33.25,0.0208,0.002,0.0
RTE-0029,Warehouse,Hyderabad,20.5937,78.9629,17.385,78.4867,360.29,Truck,Medium,48.0,7.51,11979.64,11,Medium,1,1,2,2,6,33.25,0.0208,0.0305,0.0001
RTE-0030,Warehouse,Hyderabad,20.5937,78.9629,17.385,78.4867,360.29,Truck,Medium,48.0,7.51,11979.64,6,Medium,1,1,2,2,6,33.25,0.0208,0.0167,0.0001
RTE-0031,Warehouse,Patna,20.5937,78.9629,25.5941,85.1376,841.18,Bike,Medium,32.0,26.29,7991.21,6,Medium,1,0,2,2,14,9.5,0.0313,0.0071,0.0
RTE-0032,Warehouse,Chennai,20.5937,78.9629,13.0827,80.2707,846.68,Truck,Medium,48.0,17.64,28152.11,19,Medium,1,1,2,2,3,33.25,0.0208,0.0224,0.0
RTE-0033,Warehouse,Jaipur,20.5937,78.9629,26.9124,75.7873,773.27,Van,Medium,56.0,13.81,18365.16,18,High,1,2,2,0,8,23.75,0.0179,0.0233,0.0001
RTE-0034,Warehouse,Coimbatore,20.5937,78.9629,11.0168,76.9558,1086.28,Bike,High,24.0,45.26,10319.66,3,Low,1,0,0,1,4,9.5,0.0417,0.0028,0.0
RTE-0035,Warehouse,Patna,20.5937,78.9629,25.5941,85.1376,841.18,Van,Medium,56.0,15.02,19978.02,2,High,1,2,2,0,14,23.75,0.0179,0.0024,0.0
RTE-0036,Warehouse,Kolkata,20.5937,78.9629,22.5726,88.3639,996.43,Bike,Medium,32.0,31.14,9466.09,9,Low,1,0,2,1,10,9.5,0.0313,0.009,0.0
RTE-0037,Warehouse,Patna,20.5937,78.9629,25.5941,85.1376,841.18,Bike,High,24.0,35.05,7991.21,24,High,1,0,0,0,14,9.5,0.0417,0.0285,0.0001
RTE-0038,Warehouse,Vadodara,20.5937,78.9629,22.3072,73.1812,627.9,Truck,High,36.0,17.44,20877.68,20,Medium,1,1,0,2,17,33.25,0.0278,0.0319,0.0001
RTE-0039,Warehouse,Bangalore,20.5937,78.9629,12.9716,77.5946,859.94,Bike,Low,40.0,21.5,8169.43,14,Medium,1,0,1,2,1,9.5,0.025,0.0163,0.0001
RTE-0040,Warehouse,Patna,20.5937,78.9629,25.5941,85.1376,841.18,Bike,Low,40.0,21.03,7991.21,4,Low,1,0,1,1,14,9.5,0.025,0.0048,0.0
RTE-0041,Warehouse,Ahmedabad,20.5937,78.9629,23.0225,72.5714,712.86,Bike,Medium,32.0,22.28,6772.17,1,Medium,1,0,2,2,0,9.5,0.0313,0.0014,0.0
RTE-0042,Warehouse,Bhopal,20.5937,78.9629,23.2599,77.4126,336.84,Van,High,42.0,8.02,7999.95,19,High,1,2,0,0,2,23.75,0.0238,0.0564,0.0003
RTE-0043,Warehouse,Delhi,20.5937,78.9629,28.6139,77.209,909.22,Truck,Medium,48.0,18.94,30231.56,15,Medium,1,1,2,2,5,33.25,0.0208,0.0165,0.0
RTE-0044,Warehouse,Patna,20.5937,78.9629,25.5941,85.1376,841.18,Truck,Low,60.0,14.02,27969.23,17,Low,1,1,1,1,14,33.25,0.0167,0.0202,0.0
RTE-0045,Warehouse,Bhopal,20.5937,78.9629,23.2599,77.4126,336.84,Bike,Medium,32.0,10.53,3199.98,9,High,1,0,2,0,2,9.5,0.0313,0.0267,0.0003
RTE-0046,Warehouse,Bhopal,20.5937,78.9629,23.2599,77.4126,336.84,Bike,High,24.0,14.03,3199.98,1,Low,1,0,0,1,2,9.5,0.0417,0.003,0.0
RTE-0047,Warehouse,Mumbai,20.5937,78.9629,19.076,72.8777,658.44,Truck,Low,60.0,10.97,21893.13,10,High,1,1,1,0,12,33.25,0.0167,0.0152,0.0
RTE-0048,Warehouse,Ahmedabad,20.5937,78.9629,23.0225,72.5714,712.86,Truck,Low,60.0,11.88,23702.59,15,High,1,1,1,0,0,33.25,0.0167,0.021,0.0001
RTE-0049,Warehouse,Surat,20.5937,78.9629,21.1702,72.8311,640.22,Bike,Medium,32.0,20.01,6082.09,1,Low,1,0,2,1,16,9.5,0.0313,0.0016,0.0
RTE-0050,Warehouse,Pune,20.5937,78.9629,18.5204,73.8567,582.53,Truck,High,36.0,16.18,19369.12,3,Low,1,1,0,1,15,33.25,0.0278,0.0051,0.0
RTE-0051,Warehouse,Pune,20.5937,78.9629,18.5204,73.8567,582.53,Van,Medium,56.0,10.4,13835.09,1,Low,1,2,2,1,15,23.75,0.0179,0.0017,0.0
RTE-0052,Warehouse,Bhopal,20.5937,78.9629,23.2599,77.4126,336.84,Bike,Medium,32.0,10.53,3199.98,2,Low,1,0,2,1,2,9.5,0.0313,0.0059,0.0001
RTE-0053,Warehouse,Kochi,20.5937,78.9629,9.9312,76.2673,1220.25,Van,Medium,56.0,21.79,28980.94,22,Medium,0,2,2,2,9,23.75,0.0179,0.018,0.0
RTE-0054,Warehouse,Surat,20.5937,78.9629,21.1702,72.8311,640.22,Bike,Medium,32.0,20.01,6082.09,5,Medium,1,0,2,2,16,9.5,0.0313,0.0078,0.0
RTE-0055,Warehouse,Nagpur,20.5937,78.9629,21.1458,79.0882,62.76,Bike,Medium,32.0,1.96,596.22,6,Low,1,0,2,1,13,9.5,0.0312,0.0956,0.0051
RTE-0056,Warehouse,Visakhapatnam,20.5937,78.9629,17.6868,83.2185,551.6,Van,Low,70.0,7.88,13100.5,16,High,1,2,1,0,18,23.75,0.0143,0.029,0.0002
RTE-0057,Warehouse,Kochi,20.5937,78.9629,9.9312,76.2673,1220.25,Van,Low,70.0,17.43,28980.94,23,Low,1,2,1,1,9,23.75,0.0143,0.0188,0.0
RTE-0058,Warehouse,Jaipur,20.5937,78.9629,26.9124,75.7873,773.27,Van,Low,70.0,11.05,18365.16,1,Medium,1,2,1,2,8,23.75,0.0143,0.0013,0.0
RTE-0059,Warehouse,Patna,20.5937,78.9629,25.5941,85.1376,841.18,Truck,High,36.0,23.37,27969.23,1,High,1,1,0,0,14,33.25,0.0278,0.0012,0.0
RTE-0060,Warehouse,Kolkata,20.5937,78.9629,22.5726,88.3639,996.43,Van,Medium,56.0,17.79,23665.21,12,Medium,1,2,2,2,10,23.75,0.0179,0.012,0.0
RTE-0061,Warehouse,Bhopal,20.5937,78.9629,23.2599,77.4126,336.84,Truck,Low,60.0,5.61,11199.93,14,High,1,1,1,0,2,33.25,0.0167,0.0416,0.0002
RTE-0062,Warehouse,Patna,20.5937,78.9629,25.5941,85.1376,841.18,Truck,Medium,48.0,17.52,27969.23,7,Medium,1,1,2,2,14,33.25,0.0208,0.0083,0.0
RTE-0063,Warehouse,Kolkata,20.5937,78.9629,22.5726,88.3639,996.43,Truck,Medium,48.0,20.76,33131.3,5,High,1,1,2,0,10,33.25,0.0208,0.005,0.0
RTE-0064,Warehouse,Surat,20.5937,78.9629,21.1702,72.8311,640.22,Van,Medium,56.0,11.43,15205.22,1,Medium,1,2,2,2,16,23.75,0.0179,0.0016,0.0
RTE-0065,Warehouse,Patna,20.5937,78.9629,25.5941,85.1376,841.18,Truck,Medium,48.0,17.52,27969.23,17,High,1,1,2,0,14,33.25,0.0208,0.0202,0.0
RTE-0066,Warehouse,Nagpur,20.5937,78.9629,21.1458,79.0882,62.76,Truck,Medium,48.0,1.31,2086.77,1,High,1,1,2,0,13,33.25,0.0209,0.0159,0.0004
RTE-0067,Warehouse,Nagpur,20.5937,78.9629,21.1458,79.0882,62.76,Truck,High,36.0,1.74,2086.77,10,Low,1,1,0,1,13,33.25,0.0277,0.1593,0.0028
RTE-0068,Warehouse,Nagpur,20.5937,78.9629,21.1458,79.0882,62.76,Truck,Low,60.0,1.05,2086.77,19,Medium,1,1,1,2,13,33.25,0.0167,0.3027,0.0087
RTE-0069,Warehouse,Ahmedabad,20.5937,78.9629,23.0225,72.5714,712.86,Truck,Medium,48.0,14.85,23702.59,2,Low,1,1,2,1,0,33.25,0.0208,0.0028,0.0
RTE-0070,Warehouse,Coimbatore,20.5937,78.9629,11.0168,76.9558,1086.28,Van,High,42.0,25.86,25799.15,4,Medium,1,2,0,2,4,23.75,0.0238,0.0037,0.0
RTE-0071,Warehouse,Chennai,20.5937,78.9629,13.0827,80.2707,846.68,Truck,Medium,48.0,17.64,28152.11,3,High,1,1,2,0,3,33.25,0.0208,0.0035,0.0
RTE-0072,Warehouse,Coimbatore,20.5937,78.9629,11.0168,76.9558,1086.28,Truck,Medium,48.0,22.63,36118.81,23,High,1,1,2,0,4,33.25,0.0208,0.0212,0.0
RTE-0073,Warehouse,Vadodara,20.5937,78.9629,22.3072,73.1812,627.9,Van,Medium,56.0,11.21,14912.62,3,Low,1,2,2,1,17,23.75,0.0179,0.0048,0.0
RTE-0074,Warehouse,Patna,20.5937,78.9629,25.5941,85.1376,841.18,Truck,Low,60.0,14.02,27969.23,19,Medium,0,1,1,2,14,33.25,0.0167,0.0226,0.0
RTE-0075,Warehouse,Jaipur,20.5937,78.9629,26.9124,75.7873,773.27,Bike,Medium,32.0,24.16,7346.06,14,Medium,1,0,2,2,8,9.5,0.0312,0.0181,0.0001
RTE-0076,Warehouse,Visakhapatnam,20.5937,78.9629,17.6868,83.2185,551.6,Truck,Low,60.0,9.19,18340.7,12,Medium,1,1,1,2,18,33.25,0.0167,0.0218,0.0001
RTE-0077,Warehouse,Chennai,20.5937,78.9629,13.0827,80.2707,846.68,Bike,Medium,32.0,26.46,8043.46,7,Low,1,0,2,1,3,9.5,0.0313,0.0083,0.0
RTE-0078,Warehouse,Pune,20.5937,78.9629,18.5204,73.8567,582.53,Bike,Low,40.0,14.56,5534.04,3,High,1,0,1,0,15,9.5,0.025,0.0051,0.0
RTE-0079,Warehouse,Coimbatore,20.5937,78.9629,11.0168,76.9558,1086.28,Bike,Medium,32.0,33.95,10319.66,12,High,1,0,2,0,4,9.5,0.0313,0.011,0.0
RTE-0080,Warehouse,Bhopal,20.5937,78.9629,23.2599,77.4126,336.84,Van,Low,70.0,4.81,7999.95,18,High,1,2,1,0,2,23.75,0.0143,0.0534,0.0005
RTE-0081,Warehouse,Kolkata,20.5937,78.9629,22.5726,88.3639,996.43,Truck,Medium,48.0,20.76,33131.3,13,Medium,1,1,2,2,10,33.25,0.0208,0.013,0.0
RTE-0082,Warehouse,Pune,20.5937,78.9629,18.5204,73.8567,582.53,Bike,Medium,32.0,18.2,5534.04,6,Medium,1,0,2,2,15,9.5,0.0312,0.0103,0.0001
RTE-0083,Warehouse,Nagpur,20.5937,78.9629,21.1458,79.0882,62.76,Van,Medium,56.0,1.12,1490.55,19,Low,1,2,2,1,13,23.75,0.0178,0.3027,0.0114
RTE-0084,Warehouse,Indore,20.5937,78.9629,22.7196,75.8577,398.55,Van,Medium,56.0,7.12,9465.56,20,Low,1,2,2,1,7,23.75,0.0179,0.0502,0.0003
RTE-0085,Warehouse,Jaipur,20.5937,78.9629,26.9124,75.7873,773.27,Van,Medium,56.0,13.81,18365.16,17,Low,1,2,2,1,8,23.75,0.0179,0.022,0.0001
RTE-0086,Warehouse,Hyderabad,20.5937,78.9629,17.385,78.4867,360.29,Bike,High,24.0,15.01,3422.76,13,Low,1,0,0,1,6,9.5,0.0417,0.0361,0.0003
RTE-0087,Warehouse,Lucknow,20.5937,78.9629,26.8467,80.9462,723.98,Bike,Low,40.0,18.1,6877.81,19,High,1,0,1,0,11,9.5,0.025,0.0262,0.0002
RTE-0088,Warehouse,Jaipur,20.5937,78.9629,26.9124,75.7873,773.27,Truck,Low,60.0,12.89,25711.23,1,Medium,1,1,1,2,8,33.25,0.0167,0.0013,0.0
RTE-0089,Warehouse,Patna,20.5937,78.9629,25.5941,85.1376,841.18,Van,High,42.0,20.03,19978.02,10,High,1,2,0,0,14,23.75,0.0238,0.0119,0.0
RTE-0090,Warehouse,Nagpur,20.5937,78.9629,21.1458,79.0882,62.76,Truck,Medium,48.0,1.31,2086.77,4,Medium,1,1,2,2,13,33.25,0.0209,0.0637,0.0015
RTE-0091,Warehouse,Coimbatore,20.5937,78.9629,11.0168,76.9558,1086.28,Truck,Medium,48.0,22.63,36118.81,4,High,1,1,2,0,4,33.25,0.0208,0.0037,0.0
RTE-0092,Warehouse,Vadodara,20.5937,78.9629,22.3072,73.1812,627.9,Truck,Medium,48.0,13.08,20877.68,13,Medium,1,1,2,2,17,33.25,0.0208,0.0207,0.0
RTE-0093,Warehouse,Bhopal,20.5937,78.9629,23.2599,77.4126,336.84,Truck,High,36.0,9.36,11199.93,19,Medium,1,1,0,2,2,33.25,0.0278,0.0564,0.0002
RTE-0094,Warehouse,Delhi,20.5937,78.9629,28.6139,77.209,909.22,Truck,High,36.0,25.26,30231.56,13,Low,1,1,0,1,5,33.25,0.0278,0.0143,0.0
RTE-0095,Warehouse,Mumbai,20.5937,78.9629,19.076,72.8777,658.44,Van,High,42.0,15.68,15637.95,11,Medium,1,2,0,2,12,23.75,0.0238,0.0167,0.0
RTE-0096,Warehouse,Vadodara,20.5937,78.9629,22.3072,73.1812,627.9,Bike,Medium,32.0,19.62,5965.05,3,Low,0,0,2,1,17,9.5,0.0312,0.0048,0.0
RTE-0097,Warehouse,Hyderabad,20.5937,78.9629,17.385,78.4867,360.29,Van,Medium,56.0,6.43,8556.89,5,High,1,2,2,0,6,23.75,0.0178,0.0139,0.0001
RTE-0098,Warehouse,Kolkata,20.5937,78.9629,22.5726,88.3639,996.43,Van,Medium,56.0,17.79,23665.21,19,Low,1,2,2,1,10,23.75,0.0179,0.0191,0.0
RTE-0099,Warehouse,Bhopal,20.5937,78.9629,23.2599,77.4126,336.84,Truck,Low,60.0,5.61,11199.93,4,Low,1,1,1,1,2,33.25,0.0167,0.0119,0.0001
RTE-0100,Warehouse,Delhi,20.5937,78.9629,28.6139,77.209,909.22,Truck,Low,60.0,15.15,30231.56,2,Medium,1,1,1,2,5,33.25,0.0167,0.0022,0.0
RTE-0101,Warehouse,Coimbatore,20.5937,78.9629,11.0168,76.9558,1086.28,Bike,Medium,32.0,33.95,10319.66,5,Low,1,0,2,1,4,9.5,0.0313,0.0046,0.0
RTE-0102,Warehouse,Vadodara,20.5937,78.9629,22.3072,73.1812,627.9,Truck,Low,60.0,10.46,20877.68,15,Medium,1,1,1,2,17,33.25,0.0167,0.0239,0.0001
RTE-0103,Warehouse,Lucknow,20.5937,78.9629,26.8467,80.9462,723.98,Truck,Low,60.0,12.07,24072.34,2,Medium,1,1,1,2,11,33.25,0.0167,0.0028,0.0
RTE-0104,Warehouse,Visakhapatnam,20.5937,78.9629,17.6868,83.2185,551.6,Van,High,42.0,13.13,13100.5,20,Medium,1,2,0,2,18,23.75,0.0238,0.0363,0.0001
RTE-0105,Warehouse,Visakhapatnam,20.5937,78.9629,17.6868,83.2185,551.6,Truck,Medium,48.0,11.49,18340.7,19,Medium,1,1,2,2,18,33.25,0.0208,0.0344,0.0001
RTE-0106,Warehouse,Surat,20.5937,78.9629,21.1702,72.8311,640.22,Bike,Medium,32.0,20.01,6082.09,20,Medium,1,0,2,2,16,9.5,0.0313,0.0312,0.0002
RTE-0107,Warehouse,Delhi,20.5937,78.9629,28.6139,77.209,909.22,Truck,Medium,48.0,18.94,30231.56,16,Medium,1,1,2,2,5,33.25,0.0208,0.0176,0.0
RTE-0108,Warehouse,Patna,20.5937,78.9629,25.5941,85.1376,841.18,Truck,Low,60.0,14.02,27969.23,8,Low,1,1,1,1,14,33.25,0.0167,0.0095,0.0
RTE-0109,Warehouse,Bangalore,20.5937,78.9629,12.9716,77.5946,859.94,Bike,Medium,32.0,26.87,8169.43,18,Medium,1,0,2,2,1,9.5,0.0312,0.0209,0.0001
RTE-0110,Warehouse,Kolkata,20.5937,78.9629,22.5726,88.3639,996.43,Truck,Medium,48.0,20.76,33131.3,22,Low,1,1,2,1,10,33.25,0.0208,0.0221,0.0
RTE-0111,Warehouse,Jaipur,20.5937,78.9629,26.9124,75.7873,773.27,Truck,High,36.0,21.48,25711.23,17,Medium,1,1,0,2,8,33.25,0.0278,0.022,0.0
RTE-0112,Warehouse,Jaipur,20.5937,78.9629,26.9124,75.7873,773.27,Truck,Medium,48.0,16.11,25711.23,22,Low,1,1,2,1,8,33.25,0.0208,0.0285,0.0001
RTE-0113,Warehouse,Patna,20.5937,78.9629,25.5941,85.1376,841.18,Truck,Low,60.0,14.02,27969.23,1,Low,1,1,1,1,14,33.25,0.0167,0.0012,0.0
RTE-0114,Warehouse,Visakhapatnam,20.5937,78.9629,17.6868,83.2185,551.6,Van,High,42.0,13.13,13100.5,14,Medium,1,2,0,2,18,23.75,0.0238,0.0254,0.0001
RTE-0115,Warehouse,Delhi,20.5937,78.9629,28.6139,77.209,909.22,Van,Low,70.0,12.99,21593.98,24,Low,1,2,1,1,5,23.75,0.0143,0.0264,0.0001
RTE-0116,Warehouse,Bhopal,20.5937,78.9629,23.2599,77.4126,336.84,Van,Low,70.0,4.81,7999.95,18,Medium,1,2,1,2,2,23.75,0.0143,0.0534,0.0005
RTE-0117,Warehouse,Visakhapatnam,20.5937,78.9629,17.6868,83.2185,551.6,Truck,Medium,48.0,11.49,18340.7,10,Medium,1,1,2,2,18,33.25,0.0208,0.0181,0.0
RTE-0118,Warehouse,Nagpur,20.5937,78.9629,21.1458,79.0882,62.76,Truck,Medium,48.0,1.31,2086.77,4,Medium,1,1,2,2,13,33.25,0.0209,0.0637,0.0015
RTE-0119,Warehouse,Coimbatore,20.5937,78.9629,11.0168,76.9558,1086.28,Truck,Medium,48.0,22.63,36118.81,2,Medium,1,1,2,2,4,33.25,0.0208,0.0018,0.0
RTE-0120,Warehouse,Nagpur,20.5937,78.9629,21.1458,79.0882,62.76,Truck,Low,60.0,1.05,2086.77,6,High,1,1,1,0,13,33.25,0.0167,0.0956,0.0027
RTE-0121,Warehouse,Indore,20.5937,78.9629,22.7196,75.8577,398.55,Truck,High,36.0,11.07,13251.79,21,Low,1,1,0,1,7,33.25,0.0278,0.0527,0.0001
RTE-0122,Warehouse,Patna,20.5937,78.9629,25.5941,85.1376,841.18,Truck,Low,60.0,14.02,27969.23,24,High,1,1,1,0,14,33.25,0.0167,0.0285,0.0001
RTE-0123,Warehouse,Kochi,20.5937,78.9629,9.9312,76.2673,1220.25,Truck,Medium,48.0,25.42,40573.31,24,Low,1,1,2,1,9,33.25,0.0208,0.0197,0.0
RTE-0124,Warehouse,Lucknow,20.5937,78.9629,26.8467,80.9462,723.98,Bike,High,24.0,30.17,6877.81,17,Medium,1,0,0,2,11,9.5,0.0417,0.0235,0.0001
RTE-0125,Warehouse,Delhi,20.5937,78.9629,28.6139,77.209,909.22,Van,Medium,56.0,16.24,21593.98,19,High,1,2,2,0,5,23.75,0.0179,0.0209,0.0001
RTE-0126,Warehouse,Chennai,20.5937,78.9629,13.0827,80.2707,846.68,Van,Medium,56.0,15.12,20108.65,17,Medium,1,2,2,2,3,23.75,0.0179,0.0201,0.0001
RTE-0127,Warehouse,Bhopal,20.5937,78.9629,23.2599,77.4126,336.84,Truck,Medium,48.0,7.02,11199.93,11,High,1,1,2,0,2,33.25,0.0208,0.0327,0.0001
RTE-0128,Warehouse,Bangalore,20.5937,78.9629,12.9716,77.5946,859.94,Truck,Medium,48.0,17.92,28593.0,10,Medium,1,1,2,2,1,33.25,0.0208,0.0116,0.0
RTE-0129,Warehouse,Delhi,20.5937,78.9629,28.6139,77.209,909.22,Truck,High,36.0,25.26,30231.56,1,Low,0,1,0,1,5,33.25,0.0278,0.0011,0.0
RTE-0130,Warehouse,Jaipur,20.5937,78.9629,26.9124,75.7873,773.27,Van,Medium,56.0,13.81,18365.16,23,Medium,1,2,2,2,8,23.75,0.0179,0.0297,0.0001
RTE-0131,Warehouse,Kolkata,20.5937,78.9629,22.5726,88.3639,996.43,Bike,High,24.0,41.52,9466.09,14,High,1,0,0,0,10,9.5,0.0417,0.0141,0.0
RTE-0132,Warehouse,Delhi,20.5937,78.9629,28.6139,77.209,909.22,Truck,Low,60.0,15.15,30231.56,8,Medium,0,1,1,2,5,33.25,0.0167,0.0088,0.0
RTE-0133,Warehouse,Ahmedabad,20.5937,78.9629,23.0225,72.5714,712.86,Bike,Medium,32.0,22.28,6772.17,3,Low,1,0,2,1,0,9.5,0.0313,0.0042,0.0
RTE-0134,Warehouse,Bhopal,20.5937,78.9629,23.2599,77.4126,336.84,Van,Medium,56.0,6.02,7999.95,13,Medium,1,2,2,2,2,23.75,0.0179,0.0386,0.0003
RTE-0135,Warehouse,Ahmedabad,20.5937,78.9629,23.0225,72.5714,712.86,Van,Medium,56.0,12.73,16930.42,19,Medium,1,2,2,2,0,23.75,0.0179,0.0267,0.0001
RTE-0136,Warehouse,Visakhapatnam,20.5937,78.9629,17.6868,83.2185,551.6,Van,Medium,56.0,9.85,13100.5,15,Medium,1,2,2,2,18,23.75,0.0179,0.0272,0.0001
RTE-0137,Warehouse,Ahmedabad,20.5937,78.9629,23.0225,72.5714,712.86,Truck,Medium,48.0,14.85,23702.59,6,High,1,1,2,0,0,33.25,0.0208,0.0084,0.0
RTE-0138,Warehouse,Ahmedabad,20.5937,78.9629,23.0225,72.5714,712.86,Van,Low,70.0,10.18,16930.42,15,Medium,1,2,1,2,0,23.75,0.0143,0.021,0.0001
RTE-0139,Warehouse,Pune,20.5937,78.9629,18.5204,73.8567,582.53,Van,High,42.0,13.87,13835.09,1,Medium,1,2,0,2,15,23.75,0.0238,0.0017,0.0
RTE-0140,Warehouse,Mumbai,20.5937,78.9629,19.076,72.8777,658.44,Truck,Medium,48.0,13.72,21893.13,10,Medium,1,1,2,2,12,33.25,0.0208,0.0152,0.0
RTE-0141,Warehouse,Hyderabad,20.5937,78.9629,17.385,78.4867,360.29,Van,Medium,56.0,6.43,8556.89,13,Low,1,2,2,1,6,23.75,0.0178,0.0361,0.0002
RTE-0142,Warehouse,Ahmedabad,20.5937,78.9629,23.0225,72.5714,712.86,Truck,Low,60.0,11.88,23702.59,12,Medium,0,1,1,2,0,33.25,0.0167,0.0168,0.0
RTE-0143,Warehouse,Kochi,20.5937,78.9629,9.9312,76.2673,1220.25,Van,Medium,56.0,21.79,28980.94,11,Medium,1,2,2,2,9,23.75,0.0179,0.009,0.0
RTE-0144,Warehouse,Surat,20.5937,78.9629,21.1702,72.8311,640.22,Truck,Low,60.0,10.67,21287.32,23,Medium,1,1,1,2,16,33.25,0.0167,0.0359,0.0001
RTE-0145,Warehouse,Nagpur,20.5937,78.9629,21.1458,79.0882,62.76,Bike,Low,40.0,1.57,596.22,18,Medium,0,0,1,2,13,9.5,0.025,0.2868,0.0192
RTE-0146,Warehouse,Lucknow,20.5937,78.9629,26.8467,80.9462,723.98,Bike,Medium,32.0,22.62,6877.81,4,Medium,0,0,2,2,11,9.5,0.0312,0.0055,0.0
RTE-0147,Warehouse,Surat,20.5937,78.9629,21.1702,72.8311,640.22,Van,Medium,56.0,11.43,15205.22,9,Medium,1,2,2,2,16,23.75,0.0179,0.0141,0.0001
RTE-0148,Warehouse,Ahmedabad,20.5937,78.9629,23.0225,72.5714,712.86,Bike,High,24.0,29.7,6772.17,1,Low,1,0,0,1,0,9.5,0.0417,0.0014,0.0
RTE-0149,Warehouse,Bhopal,20.5937,78.9629,23.2599,77.4126,336.84,Truck,High,36.0,9.36,11199.93,1,High,1,1,0,0,2,33.25,0.0278,0.003,0.0
RTE-0150,Warehouse,Ahmedabad,20.5937,78.9629,23.0225,72.5714,712.86,Van,Medium,56.0,12.73,16930.42,21,Medium,1,2,2,2,0,23.75,0.0179,0.0295,0.0001
RTE-0151,Warehouse,Jaipur,20.5937,78.9629,26.9124,75.7873,773.27,Truck,Medium,48.0,16.11,25711.23,11,High,1,1,2,0,8,33.25,0.0208,0.0142,0.0
RTE-0152,Warehouse,Delhi,20.5937,78.9629,28.6139,77.209,909.22,Bike,Medium,32.0,28.41,8637.59,12,High,1,0,2,0,5,9.5,0.0312,0.0132,0.0
RTE-0153,Warehouse,Pune,20.5937,78.9629,18.5204,73.8567,582.53,Truck,Low,60.0,9.71,19369.12,1,Medium,1,1,1,2,15,33.25,0.0167,0.0017,0.0
RTE-0154,Warehouse,Coimbatore,20.5937,78.9629,11.0168,76.9558,1086.28,Van,Low,70.0,15.52,25799.15,20,Medium,1,2,1,2,4,23.75,0.0143,0.0184,0.0
RTE-0155,Warehouse,Ahmedabad,20.5937,78.9629,23.0225,72.5714,712.86,Van,Medium,56.0,12.73,16930.42,13,Medium,1,2,2,2,0,23.75,0.0179,0.0182,0.0001
RTE-0156,Warehouse,Kochi,20.5937,78.9629,9.9312,76.2673,1220.25,Truck,Medium,48.0,25.42,40573.31,17,Low,1,1,2,1,9,33.25,0.0208,0.0139,0.0
RTE-0157,Warehouse,Ahmedabad,20.5937,78.9629,23.0225,72.5714,712.86,Van,Low,70.0,10.18,16930.42,19,Medium,1,2,1,2,0,23.75,0.0143,0.0267,0.0001
RTE-0158,Warehouse,Vadodara,20.5937,78.9629,22.3072,73.1812,627.9,Van,Medium,56.0,11.21,14912.62,4,Low,1,2,2,1,17,23.75,0.0179,0.0064,0.0
RTE-0159,Warehouse,Pune,20.5937,78.9629,18.5204,73.8567,582.53,Van,Low,70.0,8.32,13835.09,19,Medium,1,2,1,2,15,23.75,0.0143,0.0326,0.0002
RTE-0160,Warehouse,Coimbatore,20.5937,78.9629,11.0168,76.9558,1086.28,Bike,Medium,32.0,33.95,10319.66,23,Low,1,0,2,1,4,9.5,0.0313,0.0212,0.0001
RTE-0161,Warehouse,Ahmedabad,20.5937,78.9629,23.0225,72.5714,712.86,Truck,Medium,48.0,14.85,23702.59,3,High,1,1,2,0,0,33.25,0.0208,0.0042,0.0
RTE-0162,Warehouse,Ahmedabad,20.5937,78.9629,23.0225,72.5714,712.86,Truck,Low,60.0,11.88,23702.59,14,Medium,1,1,1,2,0,33.25,0.0167,0.0196,0.0
RTE-0163,Warehouse,Patna,20.5937,78.9629,25.5941,85.1376,841.18,Truck,Medium,48.0,17.52,27969.23,21,Medium,1,1,2,2,14,33.25,0.0208,0.025,0.0
RTE-0164,Warehouse,Coimbatore,20.5937,78.9629,11.0168,76.9558,1086.28,Truck,Low,60.0,18.1,36118.81,23,High,1,1,1,0,4,33.25,0.0167,0.0212,0.0
RTE-0165,Warehouse,Kochi,20.5937,78.9629,9.9312,76.2673,1220.25,Van,Medium,56.0,21.79,28980.94,2,High,1,2,2,0,9,23.75,0.0179,0.0016,0.0
RTE-0166,Warehouse,Lucknow,20.5937,78.9629,26.8467,80.9462,723.98,Truck,Medium,48.0,15.08,24072.34,23,Low,1,1,2,1,11,33.25,0.0208,0.0318,0.0001
RTE-0167,Warehouse,Kolkata,20.5937,78.9629,22.5726,88.3639,996.43,Van,Medium,56.0,17.79,23665.21,2,High,1,2,2,0,10,23.75,0.0179,0.002,0.0
RTE-0168,Warehouse,Nagpur,20.5937,78.9629,21.1458,79.0882,62.76,Truck,High,36.0,1.74,2086.77,24,High,1,1,0,0,13,33.25,0.0277,0.3824,0.0066
RTE-0169,Warehouse,Vadodara,20.5937,78.9629,22.3072,73.1812,627.9,Van,Medium,56.0,11.21,14912.62,9,Medium,1,2,2,2,17,23.75,0.0179,0.0143,0.0001
RTE-0170,Warehouse,Pune,20.5937,78.9629,18.5204,73.8567,582.53,Truck,Medium,48.0,12.14,19369.12,14,High,1,1,2,0,15,33.25,0.0208,0.024,0.0001
RTE-0171,Warehouse,Indore,20.5937,78.9629,22.7196,75.8577,398.55,Van,Medium,56.0,7.12,9465.56,6,High,1,2,2,0,7,23.75,0.0179,0.0151,0.0001
RTE-0172,Warehouse,Chennai,20.5937,78.9629,13.0827,80.2707,846.68,Van,Low,70.0,12.1,20108.65,5,Medium,1,2,1,2,3,23.75,0.0143,0.0059,0.0
RTE-0173,Warehouse,Surat,20.5937,78.9629,21.1702,72.8311,640.22,Truck,Low,60.0,10.67,21287.32,6,Medium,1,1,1,2,16,33.25,0.0167,0.0094,0.0
RTE-0174,Warehouse,Indore,20.5937,78.9629,22.7196,75.8577,398.55,Van,Low,70.0,5.69,9465.56,13,High,1,2,1,0,7,23.75,0.0143,0.0326,0.0002
RTE-0175,Warehouse,Bhopal,20.5937,78.9629,23.2599,77.4126,336.84,Truck,Low,60.0,5.61,11199.93,11,Low,1,1,1,1,2,33.25,0.0167,0.0327,0.0002
RTE-0176,Warehouse,Kochi,20.5937,78.9629,9.9312,76.2673,1220.25,Truck,Medium,48.0,25.42,40573.31,8,Medium,1,1,2,2,9,33.25,0.0208,0.0066,0.0
RTE-0177,Warehouse,Pune,20.5937,78.9629,18.5204,73.8567,582.53,Van,High,42.0,13.87,13835.09,23,Medium,1,2,0,2,15,23.75,0.0238,0.0395,0.0001
RTE-0178,Warehouse,Kolkata,20.5937,78.9629,22.5726,88.3639,996.43,Van,Low,70.0,14.23,23665.21,15,Low,1,2,1,1,10,23.75,0.0143,0.0151,0.0
RTE-0179,Warehouse,Lucknow,20.5937,78.9629,26.8467,80.9462,723.98,Bike,High,24.0,30.17,6877.81,11,Medium,1,0,0,2,11,9.5,0.0417,0.0152,0.0001
RTE-0180,Warehouse,Jaipur,20.5937,78.9629,26.9124,75.7873,773.27,Truck,Medium,48.0,16.11,25711.23,11,Medium,1,1,2,2,8,33.25,0.0208,0.0142,0.0
RTE-0181,Warehouse,Bangalore,20.5937,78.9629,12.9716,77.5946,859.94,Bike,Medium,32.0,26.87,8169.43,12,High,0,0,2,0,1,9.5,0.0312,0.014,0.0001
RTE-0182,Warehouse,Nagpur,20.5937,78.9629,21.1458,79.0882,62.76,Truck,Low,60.0,1.05,2086.77,17,Low,1,1,1,1,13,33.25,0.0167,0.2709,0.0078
RTE-0183,Warehouse,Vadodara,20.5937,78.9629,22.3072,73.1812,627.9,Truck,Medium,48.0,13.08,20877.68,24,Medium,1,1,2,2,17,33.25,0.0208,0.0382,0.0001
RTE-0184,Warehouse,Vadodara,20.5937,78.9629,22.3072,73.1812,627.9,Van,Medium,56.0,11.21,14912.62,6,High,1,2,2,0,17,23.75,0.0179,0.0096,0.0
RTE-0185,Warehouse,Nagpur,20.5937,78.9629,21.1458,79.0882,62.76,Truck,High,36.0,1.74,2086.77,13,Medium,0,1,0,2,13,33.25,0.0277,0.2071,0.0036
RTE-0186,Warehouse,Patna,20.5937,78.9629,25.5941,85.1376,841.18,Bike,Low,40.0,21.03,7991.21,21,Medium,1,0,1,2,14,9.5,0.025,0.025,0.0001
RTE-0187,Warehouse,Visakhapatnam,20.5937,78.9629,17.6868,83.2185,551.6,Van,Low,70.0,7.88,13100.5,16,Low,1,2,1,1,18,23.75,0.0143,0.029,0.0002
RTE-0188,Warehouse,Coimbatore,20.5937,78.9629,11.0168,76.9558,1086.28,Van,Low,70.0,15.52,25799.15,3,Medium,1,2,1,2,4,23.75,0.0143,0.0028,0.0
RTE-0189,Warehouse,Vadodara,20.5937,78.9629,22.3072,73.1812,627.9,Van,Medium,56.0,11.21,14912.62,12,Low,0,2,2,1,17,23.75,0.0179,0.0191,0.0001
RTE-0190,Warehouse,Kolkata,20.5937,78.9629,22.5726,88.3639,996.43,Van,Medium,56.0,17.79,23665.21,23,Low,1,2,2,1,10,23.75,0.0179,0.0231,0.0001
RTE-0191,Warehouse,Vadodara,20.5937,78.9629,22.3072,73.1812,627.9,Van,Medium,56.0,11.21,14912.62,13,Medium,1,2,2,2,17,23.75,0.0179,0.0207,0.0001
RTE-0192,Warehouse,Surat,20.5937,78.9629,21.1702,72.8311,640.22,Bike,Medium,32.0,20.01,6082.09,3,High,0,0,2,0,16,9.5,0.0313,0.0047,0.0
RTE-0193,Warehouse,Indore,20.5937,78.9629,22.7196,75.8577,398.55,Van,High,42.0,9.49,9465.56,3,Low,0,2,0,1,7,23.75,0.0238,0.0075,0.0
RTE-0194,Warehouse,Vadodara,20.5937,78.9629,22.3072,73.1812,627.9,Van,Medium,56.0,11.21,14912.62,16,High,1,2,2,0,17,23.75,0.0179,0.0255,0.0001
RTE-0195,Warehouse,Surat,20.5937,78.9629,21.1702,72.8311,640.22,Truck,Medium,48.0,13.34,21287.32,20,Medium,1,1,2,2,16,33.25,0.0208,0.0312,0.0001
RTE-0196,Warehouse,Bangalore,20.5937,78.9629,12.9716,77.5946,859.94,Van,Low,70.0,12.28,20423.58,18,Low,1,2,1,1,1,23.75,0.0143,0.0209,0.0001
RTE-0197,Warehouse,Patna,20.5937,78.9629,25.5941,85.1376,841.18,Truck,High,36.0,23.37,27969.23,9,Low,1,1,0,1,14,33.25,0.0278,0.0107,0.0
RTE-0198,Warehouse,Chennai,20.5937,78.9629,13.0827,80.2707,846.68,Truck,High,36.0,23.52,28152.11,5,Low,1,1,0,1,3,33.25,0.0278,0.0059,0.0
RTE-0199,Warehouse,Bhopal,20.5937,78.9629,23.2599,77.4126,336.84,Van,High,42.0,8.02,7999.95,2,Low,1,2,0,1,2,23.75,0.0238,0.0059,0.0
RTE-0200,Warehouse,Ahmedabad,20.5937,78.9629,23.0225,72.5714,712.86,Bike,Medium,32.0,22.28,6772.17,21,High,1,0,2,0,0,9.5,0.0313,0.0295,0.0001
RTE-0201,Warehouse,Lucknow,20.5937,78.9629,26.8467,80.9462,723.98,Truck,Low,60.0,12.07,24072.34,17,High,1,1,1,0,11,33.25,0.0167,0.0235,0.0001
RTE-0202,Warehouse,Kolkata,20.5937,78.9629,22.5726,88.3639,996.43,Truck,High,36.0,27.68,33131.3,17,Medium,1,1,0,2,10,33.25,0.0278,0.0171,0.0
RTE-0203,Warehouse,Vadodara,20.5937,78.9629,22.3072,73.1812,627.9,Truck,Medium,48.0,13.08,20877.68,18,Medium,1,1,2,2,17,33.25,0.0208,0.0287,0.0001
RTE-0204,Warehouse,Bangalore,20.5937,78.9629,12.9716,77.5946,859.94,Bike,Low,40.0,21.5,8169.43,24,Medium,0,0,1,2,1,9.5,0.025,0.0279,0.0001
RTE-0205,Warehouse,Chennai,20.5937,78.9629,13.0827,80.2707,846.68,Van,Low,70.0,12.1,20108.65,9,Medium,1,2,1,2,3,23.75,0.0143,0.0106,0.0
RTE-0206,Warehouse,Jaipur,20.5937,78.9629,26.9124,75.7873,773.27,Truck,High,36.0,21.48,25711.23,10,High,1,1,0,0,8,33.25,0.0278,0.0129,0.0
RTE-0207,Warehouse,Kolkata,20.5937,78.9629,22.5726,88.3639,996.43,Van,Low,70.0,14.23,23665.21,15,Low,1,2,1,1,10,23.75,0.0143,0.0151,0.0
RTE-0208,Warehouse,Patna,20.5937,78.9629,25.5941,85.1376,841.18,Van,Low,70.0,12.02,19978.02,16,Medium,0,2,1,2,14,23.75,0.0143,0.019,0.0001
RTE-0209,Warehouse,Vadodara,20.5937,78.9629,22.3072,73.1812,627.9,Truck,High,36.0,17.44,20877.68,19,High,1,1,0,0,17,33.25,0.0278,0.0303,0.0001
RTE-0210,Warehouse,Delhi,20.5937,78.9629,28.6139,77.209,909.22,Van,High,42.0,21.65,21593.98,1,High,1,2,0,0,5,23.75,0.0238,0.0011,0.0
RTE-0211,Warehouse,Ahmedabad,20.5937,78.9629,23.0225,72.5714,712.86,Truck,Low,60.0,11.88,23702.59,16,Medium,1,1,1,2,0,33.25,0.0167,0.0224,0.0001
RTE-0212,Warehouse,Surat,20.5937,78.9629,21.1702,72.8311,640.22,Truck,Medium,48.0,13.34,21287.32,7,High,1,1,2,0,16,33.25,0.0208,0.0109,0.0
RTE-0213,Warehouse,Kochi,20.5937,78.9629,9.9312,76.2673,1220.25,Bike,Low,40.0,30.51,11592.38,11,Low,1,0,1,1,9,9.5,0.025,0.009,0.0
RTE-0214,Warehouse,Coimbatore,20.5937,78.9629,11.0168,76.9558,1086.28,Bike,High,24.0,45.26,10319.66,12,Low,1,0,0,1,4,9.5,0.0417,0.011,0.0
RTE-0215,Warehouse,Bhopal,20.5937,78.9629,23.2599,77.4126,336.84,Truck,Medium,48.0,7.02,11199.93,8,Low,1,1,2,1,2,33.25,0.0208,0.0238,0.0001
RTE-0216,Warehouse,Indore,20.5937,78.9629,22.7196,75.8577,398.55,Van,Low,70.0,5.69,9465.56,7,Medium,1,2,1,2,7,23.75,0.0143,0.0176,0.0001
RTE-0217,Warehouse,Visakhapatnam,20.5937,78.9629,17.6868,83.2185,551.6,Bike,Low,40.0,13.79,5240.2,4,Low,1,0,1,1,18,9.5,0.025,0.0073,0.0001
RTE-0218,Warehouse,Chennai,20.5937,78.9629,13.0827,80.2707,846.68,Truck,Medium,48.0,17.64,28152.11,22,Medium,1,1,2,2,3,33.25,0.0208,0.026,0.0
RTE-0219,Warehouse,Coimbatore,20.5937,78.9629,11.0168,76.9558,1086.28,Bike,High,24.0,45.26,10319.66,12,Medium,1,0,0,2,4,9.5,0.0417,0.011,0.0
RTE-0220,Warehouse,Nagpur,20.5937,78.9629,21.1458,79.0882,62.76,Truck,Low,60.0,1.05,2086.77,6,Medium,1,1,1,2,13,33.25,0.0167,0.0956,0.0027
RTE-0221,Warehouse,Lucknow,20.5937,78.9629,26.8467,80.9462,723.98,Van,Medium,56.0,12.93,17194.53,14,Medium,1,2,2,2,11,23.75,0.0179,0.0193,0.0001
RTE-0222,Warehouse,Bangalore,20.5937,78.9629,12.9716,77.5946,859.94,Van,Low,70.0,12.28,20423.58,23,High,1,2,1,0,1,23.75,0.0143,0.0267,0.0001
RTE-0223,Warehouse,Delhi,20.5937,78.9629,28.6139,77.209,909.22,Van,Low,70.0,12.99,21593.98,11,Low,1,2,1,1,5,23.75,0.0143,0.0121,0.0
RTE-0224,Warehouse,Nagpur,20.5937,78.9629,21.1458,79.0882,62.76,Truck,Medium,48.0,1.31,2086.77,15,Medium,1,1,2,2,13,33.25,0.0209,0.239,0.0055
RTE-0225,Warehouse,Hyderabad,20.5937,78.9629,17.385,78.4867,360.29,Van,Medium,56.0,6.43,8556.89,1,Medium,1,2,2,2,6,23.75,0.0178,0.0028,0.0
RTE-0226,Warehouse,Delhi,20.5937,78.9629,28.6139,77.209,909.22,Truck,Low,60.0,15.15,30231.56,24,Medium,1,1,1,2,5,33.25,0.0167,0.0264,0.0001
RTE-0227,Warehouse,Patna,20.5937,78.9629,25.5941,85.1376,841.18,Van,Low,70.0,12.02,19978.02,17,Low,1,2,1,1,14,23.75,0.0143,0.0202,0.0001
RTE-0228,Warehouse,Bhopal,20.5937,78.9629,23.2599,77.4126,336.84,Van,Low,70.0,4.81,7999.95,12,Low,1,2,1,1,2,23.75,0.0143,0.0356,0.0003
RTE-0229,Warehouse,Bangalore,20.5937,78.9629,12.9716,77.5946,859.94,Truck,Medium,48.0,17.92,28593.0,14,Medium,1,1,2,2,1,33.25,0.0208,0.0163,0.0
RTE-0230,Warehouse,Chennai,20.5937,78.9629,13.0827,80.2707,846.68,Van,Low,70.0,12.1,20108.65,22,Medium,1,2,1,2,3,23.75,0.0143,0.026,0.0001
RTE-0231,Warehouse,Ahmedabad,20.5937,78.9629,23.0225,72.5714,712.86,Truck,Medium,48.0,14.85,23702.59,8,Medium,1,1,2,2,0,33.25,0.0208,0.0112,0.0
RTE-0232,Warehouse,Coimbatore,20.5937,78.9629,11.0168,76.9558,1086.28,Van,Medium,56.0,19.4,25799.15,11,Medium,1,2,2,2,4,23.75,0.0179,0.0101,0.0
RTE-0233,Warehouse,Hyderabad,20.5937,78.9629,17.385,78.4867,360.29,Bike,Medium,32.0,11.26,3422.76,19,Low,1,0,2,1,6,9.5,0.0313,0.0527,0.0005
RTE-0234,Warehouse,Bhopal,20.5937,78.9629,23.2599,77.4126,336.84,Truck,Medium,48.0,7.02,11199.93,22,Low,1,1,2,1,2,33.25,0.0208,0.0653,0.0003
RTE-0235,Warehouse,Ahmedabad,20.5937,78.9629,23.0225,72.5714,712.86,Truck,Medium,48.0,14.85,23702.59,2,Medium,1,1,2,2,0,33.25,0.0208,0.0028,0.0
RTE-0236,Warehouse,Mumbai,20.5937,78.9629,19.076,72.8777,658.44,Bike,Medium,32.0,20.58,6255.18,7,Low,1,0,2,1,12,9.5,0.0313,0.0106,0.0001
RTE-0237,Warehouse,Bhopal,20.5937,78.9629,23.2599,77.4126,336.84,Van,High,42.0,8.02,7999.95,10,Low,1,2,0,1,2,23.75,0.0238,0.0297,0.0002
RTE-0238,Warehouse,Lucknow,20.5937,78.9629,26.8467,80.9462,723.98,Truck,High,36.0,20.11,24072.34,9,High,0,1,0,0,11,33.25,0.0278,0.0124,0.0
RTE-0239,Warehouse,Jaipur,20.5937,78.9629,26.9124,75.7873,773.27,Van,High,42.0,18.41,18365.16,18,Medium,1,2,0,2,8,23.75,0.0238,0.0233,0.0001
RTE-0240,Warehouse,Visakhapatnam,20.5937,78.9629,17.6868,83.2185,551.6,Bike,Low,40.0,13.79,5240.2,20,Medium,1,0,1,2,18,9.5,0.025,0.0363,0.0003
RTE-0241,Warehouse,Bangalore,20.5937,78.9629,12.9716,77.5946,859.94,Truck,Low,60.0,14.33,28593.0,14,Low,0,1,1,1,1,33.25,0.0167,0.0163,0.0
RTE-0242,Warehouse,Nagpur,20.5937,78.9629,21.1458,79.0882,62.76,Truck,High,36.0,1.74,2086.77,19,High,1,1,0,0,13,33.25,0.0277,0.3027,0.0052
RTE-0243,Warehouse,Ahmedabad,20.5937,78.9629,23.0225,72.5714,712.86,Bike,Medium,32.0,22.28,6772.17,19,Low,0,0,2,1,0,9.5,0.0313,0.0267,0.0001
RTE-0244,Warehouse,Kochi,20.5937,78.9629,9.9312,76.2673,1220.25,Truck,High,36.0,33.9,40573.31,9,Medium,1,1,0,2,9,33.25,0.0278,0.0074,0.0
RTE-0245,Warehouse,Kochi,20.5937,78.9629,9.9312,76.2673,1220.25,Van,Low,70.0,17.43,28980.94,15,Low,1,2,1,1,9,23.75,0.0143,0.0123,0.0
RTE-0246,Warehouse,Kolkata,20.5937,78.9629,22.5726,88.3639,996.43,Truck,Medium,48.0,20.76,33131.3,20,Medium,1,1,2,2,10,33.25,0.0208,0.0201,0.0
RTE-0247,Warehouse,Kochi,20.5937,78.9629,9.9312,76.2673,1220.25,Van,Medium,56.0,21.79,28980.94,21,Medium,1,2,2,2,9,23.75,0.0179,0.0172,0.0
RTE-0248,Warehouse,Visakhapatnam,20.5937,78.9629,17.6868,83.2185,551.6,Bike,Medium,32.0,17.24,5240.2,10,High,1,0,2,0,18,9.5,0.0313,0.0181,0.0001
RTE-0249,Warehouse,Nagpur,20.5937,78.9629,21.1458,79.0882,62.76,Truck,Medium,48.0,1.31,2086.77,21,Medium,1,1,2,2,13,33.25,0.0209,0.3346,0.0077
RTE-0250,Warehouse,Ahmedabad,20.5937,78.9629,23.0225,72.5714,712.86,Van,Medium,56.0,12.73,16930.42,10,Low,1,2,2,1,0,23.75,0.0179,0.014,0.0
RTE-0251,Warehouse,Kolkata,20.5937,78.9629,22.5726,88.3639,996.43,Bike,Medium,32.0,31.14,9466.09,22,High,1,0,2,0,10,9.5,0.0313,0.0221,0.0001
RTE-0252,Warehouse,Pune,20.5937,78.9629,18.5204,73.8567,582.53,Truck,Medium,48.0,12.14,19369.12,6,Medium,1,1,2,2,15,33.25,0.0208,0.0103,0.0
RTE-0253,Warehouse,Delhi,20.5937,78.9629,28.6139,77.209,909.22,Bike,Low,40.0,22.73,8637.59,1,Medium,1,0,1,2,5,9.5,0.025,0.0011,0.0
RTE-0254,Warehouse,Indore,20.5937,78.9629,22.7196,75.8577,398.55,Truck,Low,60.0,6.64,13251.79,10,Low,1,1,1,1,7,33.25,0.0167,0.0251,0.0001
RTE-0255,Warehouse,Surat,20.5937,78.9629,21.1702,72.8311,640.22,Van,Medium,56.0,11.43,15205.22,9,Medium,1,2,2,2,16,23.75,0.0179,0.0141,0.0001
RTE-0256,Warehouse,Lucknow,20.5937,78.9629,26.8467,80.9462,723.98,Bike,Low,40.0,18.1,6877.81,22,Low,0,0,1,1,11,9.5,0.025,0.0304,0.0002
RTE-0257,Warehouse,Kolkata,20.5937,78.9629,22.5726,88.3639,996.43,Truck,Medium,48.0,20.76,33131.3,17,High,1,1,2,0,10,33.25,0.0208,0.0171,0.0
RTE-0258,Warehouse,Visakhapatnam,20.5937,78.9629,17.6868,83.2185,551.6,Bike,Low,40.0,13.79,5240.2,20,Low,0,0,1,1,18,9.5,0.025,0.0363,0.0003
RTE-0259,Warehouse,Kolkata,20.5937,78.9629,22.5726,88.3639,996.43,Bike,Low,40.0,24.91,9466.09,23,Low,1,0,1,1,10,9.5,0.025,0.0231,0.0001
RTE-0260,Warehouse,Kolkata,20.5937,78.9629,22.5726,88.3639,996.43,Truck,Medium,48.0,20.76,33131.3,12,Low,1,1,2,1,10,33.25,0.0208,0.012,0.0
RTE-0261,Warehouse,Lucknow,20.5937,78.9629,26.8467,80.9462,723.98,Truck,Medium,48.0,15.08,24072.34,7,Medium,1,1,2,2,11,33.25,0.0208,0.0097,0.0
RTE-0262,Warehouse,Coimbatore,20.5937,78.9629,11.0168,76.9558,1086.28,Truck,Medium,48.0,22.63,36118.81,23,Low,1,1,2,1,4,33.25,0.0208,0.0212,0.0
RTE-0263,Warehouse,Patna,20.5937,78.9629,25.5941,85.1376,841.18,Bike,Medium,32.0,26.29,7991.21,8,High,1,0,2,0,14,9.5,0.0313,0.0095,0.0
RTE-0264,Warehouse,Ahmedabad,20.5937,78.9629,23.0225,72.5714,712.86,Truck,Low,60.0,11.88,23702.59,15,Low,1,1,1,1,0,33.25,0.0167,0.021,0.0001
RTE-0265,Warehouse,Lucknow,20.5937,78.9629,26.8467,80.9462,723.98,Van,Medium,56.0,12.93,17194.53,17,High,1,2,2,0,11,23.75,0.0179,0.0235,0.0001
RTE-0266,Warehouse,Vadodara,20.5937,78.9629,22.3072,73.1812,627.9,Truck,High,36.0,17.44,20877.68,14,High,1,1,0,0,17,33.25,0.0278,0.0223,0.0
RTE-0267,Warehouse,Patna,20.5937,78.9629,25.5941,85.1376,841.18,Bike,Medium,32.0,26.29,7991.21,9,Low,1,0,2,1,14,9.5,0.0313,0.0107,0.0
RTE-0268,Warehouse,Coimbatore,20.5937,78.9629,11.0168,76.9558,1086.28,Van,Medium,56.0,19.4,25799.15,1,Medium,1,2,2,2,4,23.75,0.0179,0.0009,0.0
RTE-0269,Warehouse,Jaipur,20.5937,78.9629,26.9124,75.7873,773.27,Truck,Low,60.0,12.89,25711.23,11,High,1,1,1,0,8,33.25,0.0167,0.0142,0.0
RTE-0270,Warehouse,Bhopal,20.5937,78.9629,23.2599,77.4126,336.84,Bike,Medium,32.0,10.53,3199.98,2,Medium,1,0,2,2,2,9.5,0.0313,0.0059,0.0001
RTE-0271,Warehouse,Kochi,20.5937,78.9629,9.9312,76.2673,1220.25,Bike,Medium,32.0,38.13,11592.38,22,Medium,1,0,2,2,9,9.5,0.0312,0.018,0.0
RTE-0272,Warehouse,Mumbai,20.5937,78.9629,19.076,72.8777,658.44,Truck,Medium,48.0,13.72,21893.13,21,Medium,1,1,2,2,12,33.25,0.0208,0.0319,0.0001
RTE-0273,Warehouse,Mumbai,20.5937,78.9629,19.076,72.8777,658.44,Truck,Medium,48.0,13.72,21893.13,12,Low,1,1,2,1,12,33.25,0.0208,0.0182,0.0
RTE-0274,Warehouse,Ahmedabad,20.5937,78.9629,23.0225,72.5714,712.86,Van,Medium,56.0,12.73,16930.42,14,Medium,1,2,2,2,0,23.75,0.0179,0.0196,0.0001
RTE-0275,Warehouse,Ahmedabad,20.5937,78.9629,23.0225,72.5714,712.86,Van,Medium,56.0,12.73,16930.42,21,High,1,2,2,0,0,23.75,0.0179,0.0295,0.0001
RTE-0276,Warehouse,Kolkata,20.5937,78.9629,22.5726,88.3639,996.43,Truck,Medium,48.0,20.76,33131.3,12,Medium,1,1,2,2,10,33.25,0.0208,0.012,0.0
RTE-0277,Warehouse,Hyderabad,20.5937,78.9629,17.385,78.4867,360.29,Van,Medium,56.0,6.43,8556.89,11,Low,1,2,2,1,6,23.75,0.0178,0.0305,0.0002
RTE-0278,Warehouse,Patna,20.5937,78.9629,25.5941,85.1376,841.18,Van,High,42.0,20.03,19978.02,4,High,0,2,0,0,14,23.75,0.0238,0.0048,0.0
RTE-0279,Warehouse,Indore,20.5937,78.9629,22.7196,75.8577,398.55,Truck,Low,60.0,6.64,13251.79,4,Low,1,1,1,1,7,33.25,0.0167,0.01,0.0
RTE-0280,Warehouse,Visakhapatnam,20.5937,78.9629,17.6868,83.2185,551.6,Van,Medium,56.0,9.85,13100.5,10,Medium,1,2,2,2,18,23.75,0.0179,0.0181,0.0001
RTE-0281,Warehouse,Vadodara,20.5937,78.9629,22.3072,73.1812,627.9,Bike,High,24.0,26.16,5965.05,11,Low,1,0,0,1,17,9.5,0.0417,0.0175,0.0001
RTE-0282,Warehouse,Pune,20.5937,78.9629,18.5204,73.8567,582.53,Van,Medium,56.0,10.4,13835.09,24,Medium,1,2,2,2,15,23.75,0.0179,0.0412,0.0002
RTE-0283,Warehouse,Chennai,20.5937,78.9629,13.0827,80.2707,846.68,Van,Low,70.0,12.1,20108.65,22,Medium,0,2,1,2,3,23.75,0.0143,0.026,0.0001
RTE-0284,Warehouse,Surat,20.5937,78.9629,21.1702,72.8311,640.22,Truck,Low,60.0,10.67,21287.32,22,High,1,1,1,0,16,33.25,0.0167,0.0344,0.0001
RTE-0285,Warehouse,Jaipur,20.5937,78.9629,26.9124,75.7873,773.27,Van,Medium,56.0,13.81,18365.16,24,Medium,1,2,2,2,8,23.75,0.0179,0.031,0.0001
RTE-0286,Warehouse,Ahmedabad,20.5937,78.9629,23.0225,72.5714,712.86,Van,Medium,56.0,12.73,16930.42,5,Medium,1,2,2,2,0,23.75,0.0179,0.007,0.0
RTE-0287,Warehouse,Chennai,20.5937,78.9629,13.0827,80.2707,846.68,Van,Medium,56.0,15.12,20108.65,18,Medium,1,2,2,2,3,23.75,0.0179,0.0213,0.0001
RTE-0288,Warehouse,Coimbatore,20.5937,78.9629,11.0168,76.9558,1086.28,Truck,Low,60.0,18.1,36118.81,12,High,1,1,1,0,4,33.25,0.0167,0.011,0.0
RTE-0289,Warehouse,Vadodara,20.5937,78.9629,22.3072,73.1812,627.9,Truck,Medium,48.0,13.08,20877.68,3,Medium,1,1,2,2,17,33.25,0.0208,0.0048,0.0
RTE-0290,Warehouse,Surat,20.5937,78.9629,21.1702,72.8311,640.22,Truck,Medium,48.0,13.34,21287.32,2,Low,1,1,2,1,16,33.25,0.0208,0.0031,0.0
RTE-0291,Warehouse,Coimbatore,20.5937,78.9629,11.0168,76.9558,1086.28,Van,Medium,56.0,19.4,25799.15,7,Medium,0,2,2,2,4,23.75,0.0179,0.0064,0.0
RTE-0292,Warehouse,Bhopal,20.5937,78.9629,23.2599,77.4126,336.84,Truck,Medium,48.0,7.02,11199.93,10,High,1,1,2,0,2,33.25,0.0208,0.0297,0.0001
RTE-0293,Warehouse,Chennai,20.5937,78.9629,13.0827,80.2707,846.68,Truck,High,36.0,23.52,28152.11,3,Medium,1,1,0,2,3,33.25,0.0278,0.0035,0.0
RTE-0294,Warehouse,Hyderabad,20.5937,78.9629,17.385,78.4867,360.29,Truck,Low,60.0,6.0,11979.64,17,High,1,1,1,0,6,33.25,0.0167,0.0472,0.0002
RTE-0295,Warehouse,Nagpur,20.5937,78.9629,21.1458,79.0882,62.76,Truck,Medium,48.0,1.31,2086.77,6,Medium,1,1,2,2,13,33.25,0.0209,0.0956,0.0022
RTE-0296,Warehouse,Nagpur,20.5937,78.9629,21.1458,79.0882,62.76,Truck,Medium,48.0,1.31,2086.77,6,Low,1,1,2,1,13,33.25,0.0209,0.0956,0.0022
RTE-0297,Warehouse,Hyderabad,20.5937,78.9629,17.385,78.4867,360.29,Van,Medium,56.0,6.43,8556.89,20,Low,1,2,2,1,6,23.75,0.0178,0.0555,0.0004
RTE-0298,Warehouse,Chennai,20.5937,78.9629,13.0827,80.2707,846.68,Bike,Medium,32.0,26.46,8043.46,15,Low,1,0,2,1,3,9.5,0.0313,0.0177,0.0001
RTE-0299,Warehouse,Patna,20.5937,78.9629,25.5941,85.1376,841.18,Truck,Medium,48.0,17.52,27969.23,8,Medium,1,1,2,2,14,33.25,0.0208,0.0095,0.0
RTE-0300,Warehouse,Indore,20.5937,78.9629,22.7196,75.8577,398.55,Truck,High,36.0,11.07,13251.79,22,High,1,1,0,0,7,33.25,0.0278,0.0552,0.0001
